{"Licensing": 0.20876826722338204, "Completeness": 0.13569937369519833, "Conciseness": 0, "Versatility": 0, "Availability": 0.1022964509394572, "Understandability": 0, "Trustworthiness": 0.20876826722338204, "Syntactic validity": 0, "Consistency": 0, "Provenance": 0.20876826722338204, "Interoperability": 0.13569937369519833}