{"Licensing": 0.11600928074245939, "Completeness": 0, "Conciseness": 0, "Versatility": 0.15081206496519722, "Availability": 0, "Understandability": 0.2088167053364269, "Trustworthiness": 0.23201856148491878, "Syntactic validity": 0, "Consistency": 0.11600928074245939, "Provenance": 0, "Interoperability": 0.17633410672853828}