{"Licensing": 0.20408163265306123, "Completeness": 0, "Conciseness": 0.05102040816326531, "Versatility": 0.1326530612244898, "Availability": 0.07142857142857142, "Understandability": 0, "Trustworthiness": 0.10204081632653061, "Syntactic validity": 0, "Consistency": 0.10204081632653061, "Provenance": 0.15306122448979592, "Interoperability": 0.1836734693877551}