{"Licensing": 0, "Completeness": 0.19047619047619047, "Conciseness": 0.16666666666666666, "Versatility": 0, "Availability": 0, "Understandability": 0.19047619047619047, "Trustworthiness": 0.23809523809523808, "Syntactic validity": 0, "Consistency": 0, "Provenance": 0, "Interoperability": 0.21428571428571427}