{"Licensing": 0.12903225806451613, "Completeness": 0, "Conciseness": 0, "Versatility": 0, "Availability": 0.12903225806451613, "Understandability": 0.12903225806451613, "Trustworthiness": 0, "Syntactic validity": 0.1827956989247312, "Consistency": 0, "Provenance": 0.21505376344086022, "Interoperability": 0.21505376344086022}