{"Licensing": 0.19387755102040816, "Completeness": 0, "Conciseness": 0, "Versatility": 0, "Availability": 0.14285714285714285, "Understandability": 0.14285714285714285, "Trustworthiness": 0.20408163265306123, "Syntactic validity": 0, "Consistency": 0, "Provenance": 0.14285714285714285, "Interoperability": 0.17346938775510204}