{"Licensing": 0, "Completeness": 0, "Conciseness": 0, "Versatility": 0.15491137634890584, "Availability": 0.15700477332659377, "Understandability": 0.1863123310142246, "Trustworthiness": 0.2093396977687917, "Syntactic validity": 0, "Consistency": 0.15700477332659377, "Provenance": 0, "Interoperability": 0.13542704821489032}