{"Licensing": 0, "Completeness": 0.21868674601246862, "Conciseness": 0, "Versatility": 0, "Availability": 0, "Understandability": 0, "Trustworthiness": 0, "Syntactic validity": 0.2955226297465792, "Consistency": 0.2955226297465792, "Provenance": 0, "Interoperability": 0.19026799449437293}