{"Licensing": 0, "Completeness": 0.1425438596491228, "Conciseness": 0, "Versatility": 0, "Availability": 0.21929824561403508, "Understandability": 0.16228070175438597, "Trustworthiness": 0.21929824561403508, "Syntactic validity": 0, "Consistency": 0, "Provenance": 0.11403508771929824, "Interoperability": 0.1425438596491228}