{"Licensing": 0.1669449081803005, "Completeness": 0, "Conciseness": 0, "Versatility": 0, "Availability": 0.1669449081803005, "Understandability": 0.08514190317195326, "Trustworthiness": 0.1669449081803005, "Syntactic validity": 0.08013355592654424, "Consistency": 0.08347245409015025, "Provenance": 0.12520868113522537, "Interoperability": 0.12520868113522537}